Sentence ID,Quality,Remarks,Raw Sentence,Annotated Sentence
HF001_1_1,4,<code mixing>,दो बजकर चार मिनट हुए हैं ए एम रेडियो और डिजिटल सैटेलाईट चेनल आठ सौ उनहत्तर पर ये बी बी सी एशियन नेटवर्क हैं ।                                                    ,दो बजकर चार मिनट हुए हैं ए एम रेडियो और डिजिटल सैटेलाईट चेनल आठ सौ उनहत्तर पर ये बी बी सी एशियन नेटवर्क हैं ।                                                    
HF001_1_2,4,<missing aux>,नम्बर आज जुमेरात दिस्मबर की पाँच तारिख सन् दो हज़ार दो उम्मीद है आप सब खैरियत से होंगे ।                                                          ,नम्बर आज जुमेरात दिस्मबर की पाँच तारिख सन् दो हज़ार दो उम्मीद है आप सब खैरियत से होंगे ।                                                          
HF001_1_3,4,,सबसे पहले मेरे तमाम सुनने वालो को मेरा प्यार भरा आदाब अस्सलामवलैकुम नमस्कार बंदगी और सत्यश्रीअकाल ।                                                            ,सबसे पहले मेरे तमाम सुनने वालो को मेरा प्यार भरा आदाब अस्सलामवलैकुम नमस्कार बंदगी और सत्यश्रीअकाल ।                                                            
HF001_1_4,5,,याद रहे बिंदर साहेबा आप के टेलीफोन्स के इंतज़ार मे हैं ।                                                                 ,याद रहे बिंदर साहेबा आप के टेलीफोन्स के इंतज़ार मे हैं ।                                                                 
HF001_1_5,4,<code mixing><spelling error>,इस से पहले की मै प्रोग्राम शुरु करुं अपने तमामा सुनने वालों को दिल की गहराई से ईद मुबारक कहते हैं ।                                                       ,इस से पहले की मै प्रोग्राम शुरु करुं अपने तमाम सुनने वालों को दिल की गहराई से ईद मुबारक कहते हैं ।                                                       
HF001_1_6,4,<reduplication>,और अल्लाह ताला से यही दुआ के ऐसी खुशियों भरी ईदें आप की ज़िंदगी मे बार बार आती रहें ।                                                         ,और अल्लाह ताला से यही दुआ के ऐसी खुशियों भरी ईदें आप की ज़िंदगी मे बार बार आती रहें ।                                                         
HF001_1_7,3,<missing verb>,आप की हर मुंह मांगी मुराद पूरी हो अगर आप हमे ईदी देना चाहते हैं तो सिर्फ इतना की नम्बर डायल करें हमारे लिये यही ईदी होगी ।                                                 ,आप की हर मुंह मांगी मुराद पूरी हो अगर आप हमे ईदी देना चाहते हैं तो सिर्फ इतना की नम्बर डायल करें हमारे लिये यही ईदी होगी ।                                                 
HF001_1_8,3,<fragment>,या फेक्स मेसेज उस से भी ज़्यादा अपनी ज़ुबान मे आप ईद मुबारक कहना चाहते हैं ।                                                            ,या फेक्स मेसेज उस से भी ज़्यादा अपनी ज़ुबान मे आप ईद मुबारक कहना चाहते हैं ।                                                            
HF001_1_9,4,,अब तो हम आप को खुशामदीद कहेंगे ।                                                                     ,अब तो हम आप को खुशामदीद कहेंगे ।                                                                     
HF001_1_10,3,<addition of case><word rep>,हमे आप से बात करके बहुत अच्छा लगेगा नम्बर वही डायल करना होगा आईए इसकी दोपहर को एक यादगार दोपहर बनाए ।                                                       ,हमे आप से बात करके बहुत अच्छा लगेगा नम्बर वही डायल करना होगा आईए इसकी दोपहर को एक यादगार दोपहर बनाए ।                                                       
HF001_1_11,5, ,ईद खुशियों का दिन है एक साथ मिलकर ईद मनाए और ये खुशियां बाँटें ।                                                              ,ईद खुशियों का दिन है एक साथ मिलकर ईद मनाए और ये खुशियां बाँटें ।                                                              
HF001_1_12,5,,नम्बर आपको डायल करना है ये चाहत ही तो कह रही हैं और सबूत क्या चाहिए ईद की ये खुशियों भरी दोपहर सिर्फ आपके नाम                                                    ,नम्बर आपको डायल करना है ये चाहत ही तो कह रही हैं और सबूत क्या चाहिए ईद की ये खुशियों भरी दोपहर सिर्फ आपके नाम                                                    
HF001_2_1,4,<missing aux>,आवाज़े अनुराधा पोढ़वाल और मोहम्मद अज़ीज़ की ।                                                                     ,आवाज़े अनुराधा पोढ़वाल और मोहम्मद अज़ीज़ की ।                                                                     
HF001_2_2,4,,नम्बर है ईद के पैगाम आप के चाहने वालो के नाम आप के रिश्तेदारों के नाम अगर हम से बात करना चाहें कुछ कहना चाहतें हैं तो भी बड़े शौक से चले आईए नम्बर                                           ,नम्बर है ईद के पैगाम आप के चाहने वालो के नाम आप के रिश्तेदारों के नाम अगर हम से बात करना चाहें कुछ कहना चाहतें हैं तो भी बड़े शौक से चले आईए नम्बर                                           
HF001_3_1,3,<missing aux><code mixing><reduplication>,लता मंगेशकर और मुकेश की आवाज़ें ये गाना डेडिकेट किया गया था वुलवाहेम्प्टन से फतह भाई आप को लेस्टर मे छोटा लाल भाई लेस्टर मे हरीश भाई आपको लेस्टर मे जस्सु बहन और कांति भाई आप तमाम सुनने वालो को ईद की बहुत बहुत मुबारक बाद दे रहे है दिल की गहराई से शुक्रिया अदा करते हैं प्रोग्राम की तारिफ के लिए ।              ,लता मंगेशकर और मुकेश की आवाज़ें ये गाना डेडिकेट किया गया था वुलवाहेम्प्टन से फतह भाई आप को लेस्टर मे छोटा लाल भाई लेस्टर मे हरीश भाई आपको लेस्टर मे जस्सु बहन और कांति भाई आप तमाम सुनने वालो को ईद की बहुत बहुत मुबारक बाद दे रहे है दिल की गहराई से शुक्रिया अदा करते हैं प्रोग्राम की तारिफ के लिए ।              
HF001_3_2,3,<wrong pronoun>,आप नी ज़ुबानी किसी को कहना चाहते हैं ईद की मुबारक बाद देना चाहते हैं तो बड़े शौक के साथ खुशियों भरा दिन हैं आईये मिलकर मनाए ।                                                 ,आप नी ज़ुबानी किसी को कहना चाहते हैं ईद की मुबारक बाद देना चाहते हैं तो बड़े शौक के साथ खुशियों भरा दिन हैं आईये मिलकर मनाए ।                                                 
HF001_4_1,4,<code mixing>,वक्त है दो बजकर तेईस मिनट गुरजीत सिंह गिल कोवेन्टो से आपने याद फरमाया है ईद की मुबारक बाद तमाम सुनने वालो को दे रहे हैं आप ।                                                 ,वक्त है दो बजकर तेईस मिनट गुरजीत सिंह गिल कोवेन्टो से आपने याद फरमाया है ईद की मुबारक बाद तमाम सुनने वालो को दे रहे हैं आप ।                                                 
HF001_4_2,4,<code mixing>,अगर आप एयर पर आ कर अपनी ज़ुबानी किसी को मुबारक बादी देना चाहते है तो बड़े शौक के साथ चले आईये ।                                                      ,अगर आप एयर पर आ कर अपनी ज़ुबानी किसी को मुबारक बादी देना चाहते है तो बड़े शौक के साथ चले आईये ।                                                      
HF001_5_1,4,<code mixing>,दोपहर के ठीक ढाई बजे हैं बी बी सी एशियन नेटवर्क से खबरें आईशा एहमद की ज़ुबानी ।                                                           ,दोपहर के ठीक ढाई बजे हैं बी बी सी एशियन नेटवर्क से खबरें आईशा एहमद की ज़ुबानी ।                                                           
HF002_6_1,5,,आज बरतानिया के मुल्क भर मे मुसलमानों का त्योहार ईद उल फितर मनाया जा रहा है ।                                                            ,आज बरतानिया के मुल्क भर मे मुसलमानों का त्योहार ईद उल फितर मनाया जा रहा है । 
HF002_6_2,2,<missing verb>,बंग्लादेश मे एक हादसे के नतीजे मे सौलह लोग गए हैं ।                                                                 ,बंग्लादेश मे एक हादसे के नतीजे मे सौलह लोग गए हैं ।                                                                 
HF002_6_3,4,<code mixing>,नेपाल मे तीन पुलिस मैन मारे गए हैं ।                                                                    ,नेपाल मे तीन पुलिस मैन मारे गए हैं ।                                                                    
HF002_6_4,5,,अब आप खबरें तफसील के साथ सुनिये ।                                                                     ,अब आप खबरें तफसील के साथ सुनिये ।                                                                     
HF002_6_5,4,<reduplication>,बंग्लादेश मे पुलिस का कहना है के जमाला पुर की डिस्ट्रिक मे एक लौरी के हादसे मे कम से कम सौलह लोग मारे गए हैं बताया जाता है के यह हादसा उस वक्त पैश आया जब ईद की छुट्टी से एक रात पहले हज़ारो लोग केपीटल धाका से अपने अपने गाँव जाने के लिए सफर की तैयारी कर रहे थे ।                ,बंग्लादेश मे पुलिस का कहना है के जमाला पुर की डिस्ट्रिक मे एक लौरी के हादसे मे कम से कम सौलह लोग मारे गए हैं बताया जाता है के यह हादसा उस वक्त पैश आया जब ईद की छुट्टी से एक रात पहले हज़ारो लोग केपीटल धाका से अपने अपने गाँव जाने के लिए सफर की तैयारी कर रहे थे ।                
HF002_6_6,3,<wrong verb>,पुलिस अफसरों ने बताया के उस लौरी मे सतरा लोग सवार थे हादसे के बाद ज़िन्दा बचने वाले अकेले आदमी की हालत भी खतरनाक बताई जाती है और कहा जाता है के वो मकामी हस्पताल मे ज़ेरे ईलाज हैं ।                                     ,पुलिस अफसरों ने बताया के उस लौरी मे सतरा लोग सवार थे हादसे के बाद ज़िन्दा बचने वाले अकेले आदमी की हालत भी खतरनाक बताई जाती है और कहा जाता है के वो मकामी हस्पताल मे ज़ेरे ईलाज हैं ।                                     
HF002_6_7,4,<code mixing>,प्रसीडेंट सद्दाम हुसैन का कहना है कि यनाईटेड नेशन के हत्यारों के इंस्पेकशन्स से उन्हे अमेरिका के उस इलज़ाम को ग़लत साबित करने का मौका मिल गया है जिसमे वो कहते थे के बगदाद बड़े पैमाने पर तबाही मचाने वाले हत्थयार बना रहा हैं ।                                ,प्रसीडेंट सद्दाम हुसैन का कहना है कि यनाईटेड नेशन के हत्यारों के इंस्पेकशन्स से उन्हे अमेरिका के उस इलज़ाम को ग़लत साबित करने का मौका मिल गया है जिसमे वो कहते थे के बगदाद बड़े पैमाने पर तबाही मचाने वाले हत्थयार बना रहा हैं ।                                
HF002_6_8,4,<code mixing>,पिछले हफ्ते शुरु होने वाले इस इंसपेक्शन के बारे मे पहली मरतबा बाते करते हुए उन्होने कहा के सिर्फ इस लिए के ईराक के लोगो को नुकसान ना पहुँचे वो इस इंसपेकशन के लिए राज़ी हो गए थे ।                                      ,पिछले हफ्ते शुरु होने वाले इस इंसपेक्शन के बारे मे पहली मरतबा बाते करते हुए उन्होने कहा के सिर्फ इस लिए के ईराक के लोगो को नुकसान ना पहुँचे वो इस इंसपेकशन के लिए राज़ी हो गए थे ।                                      
HF002_6_9,4,<code mixing>,याद रहे के युनाईटेड नेशन ने ईराक को इत्वार तक का वक्त दिया है के वो अपने न्युक्लीयर बायलोजीकल और केमिकल हत्थयारों के प्रोग्राम दिखा दे उनका कहना है के ईराक के लिए ज़रुरी है के वो सच्चाई बता दे वरना उन के खिलाफ फौजी कार्यवाही की जाए गी ।                           ,याद रहे के युनाईटेड नेशन ने ईराक को इत्वार तक का वक्त दिया है के वो अपने न्युक्लीयर बायलोजीकल और केमिकल हत्थयारों के प्रोग्राम दिखा दे उनका कहना है के ईराक के लिए ज़रुरी है के वो सच्चाई बता दे वरना उन के खिलाफ फौजी कार्यवाही की जाए गी ।                           
HF002_6_10,4,<code mixing><wrong spelling>,नेपाल के माउस बागि़यों की पुलिस स्टेशन्स और दुसरे सरकारी निशानों पर हमला करने के नतीजे मे कम से कम तीन पुलिस मैन मारे गए है ये हमले सात सलों से जारी लड़ाई को खत्म करने के सिलसिले मे की जाने वाले बात चीत के एक विधिन पूरा होने से पहले कर दिये गए है अहलकारों का तास्सुर इस बारे मे परेशान गुन था ।            ,नेपाल के माउस बागि़यों की पुलिस स्टेशन्स और दुसरे सरकारी निशानों पर हमला करने के नतीजे मे कम से कम तीन पुलिस मैन मारे गए है ये हमले सात सालों से जारी लड़ाई को खत्म करने के सिलसिले मे की जाने वाले बात चीत के एक विधिन पूरा होने से पहले कर दिये गए है अहलकारों का तास्सुर इस बारे मे परेशान गुन था ।            
HF002_6_11,4,<code mixing>,और उन्होने कहा के वो बागियों की स्टेट मेन्ट के बारे मे फिक्र कर रहे हैं नामा निगारों ने बताया के हमेशा अमन की बातचीत के बात खून बहा हुआ हैं जिसमे दोनो पार्टियां एक दुसरे को लड़ाई शुरु करने का इल्ज़ाम देती रही हैं ।                               ,और उन्होने कहा के वो बागियों की स्टेट मेन्ट के बारे मे फिक्र कर रहे हैं नामा निगारों ने बताया के हमेशा अमन की बातचीत के बात खून बहा हुआ हैं जिसमे दोनो पार्टियां एक दुसरे को लड़ाई शुरु करने का इल्ज़ाम देती रही हैं ।                               
HF002_6_12,4,<wrong symbol>,पाकिस्तान के शहर कराची मे पुलिस का कहना है के मेसदोनिया के आॅनरी काॅनसिल के दफ्तर मे एक बाॅम्ब के धमाके मे तीन लोग मारे गए है पुलिस ने बताया के ये लाशें मलबे तले दबी हुई थी और मरने वाले सभी पाकिस्तानी थे और हो सकता है के उन्हे धमाके से पहले बांध कर मार भी दिया गया हो ।                ,पाकिस्तान के शहर कराची मे पुलिस का कहना है के मेसदोनिया के ऑनरी  काॅनसिल के दफ्तर मे एक बाॅम्ब के धमाके मे तीन लोग मारे गए है पुलिस ने बताया के ये लाशें मलबे तले दबी हुई थी और मरने वाले सभी पाकिस्तानी थे और हो सकता है के उन्हे धमाके से पहले बांध कर मार भी दिया गया हो ।                
HF002_6_13,5,,डाक्टर ने बताया के उनमे से दो की शहरत कटी हुई थी ।                                                                ,डाक्टर ने बताया के उनमे से दो की शहरत कटी हुई थी ।                                                                
HF002_6_14,4,<missing aux>,अभी तक ये पता नही चल सका के इस हमले के पीछे किस का हाथ था ।                                                            ,अभी तक ये पता नही चल सका के इस हमले के पीछे किस का हाथ था ।                                                            
HF002_6_15,4,<missing aux>,अफ्गानिस्तान मे पुलिस फोर्स को ईद उल फितर की तकरीबार के मौके पर चौकस कर दिया गया है उन्हे खतरा है के तालिबान की बकिया रिजीम ईद के मौके पर फसादात करने की कोशिश करेंगे ।                                         ,अफ्गानिस्तान मे पुलिस फोर्स को ईद उल फितर की तकरीबार के मौके पर चौकस कर दिया गया है उन्हे खतरा है के तालिबान की बकिया रिजीम ईद के मौके पर फसादात करने की कोशिश करेंगे ।                                         
HF002_6_16,3,<missing aux><wrong plural>,अफ्गानिस्तान के इंटिरियर मिनिस्टर ने बताया के काबुल की एक नुमाया मस्जीद से गोला बारुद का सामान बरामत किया गया जहां एक हज़ार से ज़्यादा लोग ईद की नमाज़ पड़ने के लिए इक्ठ्ठे हुए थे ।                                         ,अफ्गानिस्तान के इंटिरियर मिनिस्टर ने बताया के काबुल की एक नुमाया मस्जीद से गोला बारुद का सामान बरामत किया गया जहां एक हज़ार से ज़्यादा लोग ईद की नमाज़ पड़ने के लिए इक्ठ्ठे हुए थे ।                                         
HF002_6_17,4,<code mixing>,काबुल की सिक्युरिटी की चीफ ने बताया के हिफाज़त के लिए गश्त करने वाली पुलिस की तादाद पाँच गुना तक बड़ा दी गई है ।                                                    ,काबुल की सिक्युरिटी की चीफ ने बताया के हिफाज़त के लिए गश्त करने वाली पुलिस की तादाद पाँच गुना तक बड़ा दी गई है ।                                                    
HF002_6_18,4,<code mixing>,ये खबरें आप बी बी सी एशियन नेटवर्क से आईशा एहमद की ज़बानी सुन रहे हैं ।                                                            ,ये खबरें आप बी बी सी एशियन नेटवर्क से आईशा एहमद की ज़बानी सुन रहे हैं ।                                                            
HF002_6_19,4,<code mixing>,युनाईटेड स्टेट्स के प्रेसीडेंट जार्ज बुश ने अफ्गानिस्तान पर अगले चार सालों मे तीन बिलियन डालर्स खर्च करने के एक बिल पर दस्तखत किये हैं ।                                                   ,युनाईटेड स्टेट्स के प्रेसीडेंट जार्ज बुश ने अफ्गानिस्तान पर अगले चार सालों मे तीन बिलियन डालर्स खर्च करने के एक बिल पर दस्तखत किये हैं ।                                                   
HF002_6_20,4,<code mixing>,वाईट हाऊस ने बताया की ये रक्म मुल्क की मिलिटरी और दुसरी ईकोनोमि को बहाल करने के काम आएगी ।                                                         ,वाईट हाऊस ने बताया की ये रक्म मुल्क की मिलिटरी और दुसरी ईकोनोमि को बहाल करने के काम आएगी ।                                                         
HF002_6_21,3,<additon of case><code mixing>,युनाईटेड नेशन की सिक्युरिटी काॅनसिल ने ईराक के लिए तेल के बदले खाने के प्रोग्राम को अगले छः महिनों तक बड़ा दिया है और बग़दाद की ज़रुरत वाली चीज़ो की दरामत के बारे मे भी सोच ने का वादा किया हैं याद रहे के इस प्रोग्राम को हर छः महीने के बाद रिन्यु किया जाता हैं लेकिन वाशिंगटन इस बात पर ज़ोर दे रहा था के छः महीने के इस अरसे को कम कर देना चाहिए ।,युनाईटेड नेशन की सिक्युरिटी काॅनसिल ने ईराक के लिए तेल के बदले खाने के प्रोग्राम को अगले छः महिनों तक बड़ा दिया है और बग़दाद की ज़रुरत वाली चीज़ो की दरामत के बारे मे भी सोच ने का वादा किया हैं याद रहे के इस प्रोग्राम को हर छः महीने के बाद रिन्यु किया जाता हैं लेकिन वाशिंगटन इस बात पर ज़ोर दे रहा था के छः महीने के इस अरसे को कम कर देना चाहिए ।
HF002_6_22,2,<code mixing><<wrong verb>,इंडोनेशिया मे बाली के नाईट कल्ब पर हमले की तहकीक करने वाली पुलिस का कहना है की इस सिलसिले मे इसी हफ्ते गिरफ्तार किये जाने वाले आदमी ने उस हमले मे शामिल होने का इलज़ाम कुबुल कर लिया है उनका कहना है के मुखलास नामी इस मशकुक आदमी ने ये मान लिया है की वो इस हमले के सिलसिले मे की जाने वाली मिटिंग्स मे शामिल हुआ था ।        ,इंडोनेशिया मे बाली के नाईट कल्ब पर हमले की तहकीक करने वाली पुलिस का कहना है की इस सिलसिले मे इसी हफ्ते गिरफ्तार किये जाने वाले आदमी ने उस हमले मे शामिल होने का इलज़ाम कुबुल कर लिया है उनका कहना है के मुखलास नामी इस मशकुक आदमी ने ये मान लिया है की वो इस हमले के सिलसिले मे की जाने वाली मिटिंग्स मे शामिल हुआ था ।        
HF002_6_23,4,<code mixing>,पुलिस को शुबा है की मुखलास को हाल ही मे इसलामी तनज़ीम जामिया इसलामीया का रिजनल चीफ मुकर्रर किया गया था ।                                                       ,पुलिस को शुबा है की मुखलास को हाल ही मे इसलामी तनज़ीम जामिया इसलामीया का रिजनल चीफ मुकर्रर किया गया था ।                                                       
HF002_6_24,4,<code mixing>,याद रहे के इस तनज़ीम के बारे मे युनाईटेड स्टेट्स का कहना है की इस का तालुक अलकायदा की तनज़ीम के साथ है ।                                                     ,याद रहे के इस तनज़ीम के बारे मे युनाईटेड स्टेट्स का कहना है की इस का तालुक अलकायदा की तनज़ीम के साथ है ।                                                     
HF002_6_25,4,<code mixing>,श्रीलंका की हुकुमत और तमिल टायगर्स के बागियों के नुमाईंदो का कहना है के उन्होने अपनी ज़िम्मेदारियों और इखतेयारात को बाँटने के सिलसिले मे एक समझोता कर लिया है नामा निगारों का कहना है के इस समझोतें से मुल्क मे होने वाली सिविल वार को खत्म करने के सिलसिले मे जो बातचीत हो रही हैं उसे तकवीयत मिलेगी ।                  ,श्रीलंका की हुकुमत और तमिल टायगर्स के बागियों के नुमाईंदो का कहना है के उन्होने अपनी ज़िम्मेदारियों और इखतेयारात को बाँटने के सिलसिले मे एक समझोता कर लिया है नामा निगारों का कहना है के इस समझोतें से मुल्क मे होने वाली सिविल वार को खत्म करने के सिलसिले मे जो बातचीत हो रही हैं उसे तकवीयत मिलेगी ।                  
HF002_6_26,5,,याद रहे की इस जंग मे साठ हज़ार से ज़्यादा लोग मारे गए हैं ।                                                              ,याद रहे की इस जंग मे साठ हज़ार से ज़्यादा लोग मारे गए हैं ।                                                              
HF002_6_27,3,<code switching><code mixing><wrong symbol>,इंडिया की हुकुमत ने इंडिया और पाकिस्तान के ज़ेरे इंतज़ाम कश्मीर को अलाहिदा करने वाली लाईन आॅफ कन्ट्रोल के करीब कारगील के पहाड़ो पर दुसरे मुल्को के एक्सपीडिशन पर लगाई जाने वाली पाबंदियों को हटा दिया हैं याद रहे के ये पाबंदी पिछले साल उस वक्त लगाई गई थी जब दोनो मुल्कों की फौजें उस ईलाके के बारे मे लड़ रही थी जो इंडिया के कहने के मुताबिक उन का था ।     ,इंडिया की हुकुमत ने इंडिया और पाकिस्तान के ज़ेरे इंतज़ाम कश्मीर को अलाहिदा करने वाली लाईन ऑफ़ कन्ट्रोल के करीब कारगील के पहाड़ो पर दुसरे मुल्को के एक्सपीडिशन पर लगाई जाने वाली पाबंदियों को हटा दिया हैं याद रहे के ये पाबंदी पिछले साल उस वक्त लगाई गई थी जब दोनो मुल्कों की फौजें उस ईलाके के बारे मे लड़ रही थी जो इंडिया के कहने के मुताबिक उन का था ।     
HF002_6_28,3,<wrong gender>,हाल मे एक ऐसी आदमी के बुरी तरह ज़ख्मी होने की इत्तलाह मिली है जिसके बारे मे शुबा है के उस पर हमला नसली तफर्रके की वजह से किय गया था ।                                             ,हाल मे एक ऐसी आदमी के बुरी तरह ज़ख्मी होने की इत्तलाह मिली है जिसके बारे मे शुबा है के उस पर हमला नसली तफर्रके की वजह से किय गया था ।                                             
HF002_6_29,4,,बताया जाता है कि चौबीस साला ईराकी कर्ड को दो आदमियों के हमला करने के बाद चहरें पर बहुत सी चौटें लगी थी ।                                                     ,बताया जाता है कि चौबीस साला ईराकी कर्ड को दो आदमियों के हमला करने के बाद चहरें पर बहुत सी चौटें लगी थी ।                                                     
HF002_6_30,4,<reduplication>,और अब आखिर मे मौसम आज मुल्क के मरकज़ी और मशरिकी हिस्सों मे बादल छाए रहेंगे और कभी कभी बारिश के छिंटे भी पड़ सकते हैं लेकिन मुल्क के मग़रिबी हिस्सों मे आम तौर पर खुश्क मौसम खुश्क और खुश गवार रहेगा ।                                  ,और अब आखिर मे मौसम आज मुल्क के मरकज़ी और मशरिकी हिस्सों मे बादल छाए रहेंगे और कभी कभी बारिश के छिंटे भी पड़ सकते हैं लेकिन मुल्क के मग़रिबी हिस्सों मे आम तौर पर खुश्क मौसम खुश्क और खुश गवार रहेगा ।                                  
HF002_6_31,4,<code mixing>,इसी के साथ बी बी सी एशियन नेटवर्क से खबरें खत्म हुई ।                                                                ,इसी के साथ बी बी सी एशियन नेटवर्क से खबरें खत्म हुई ।                                                                
HF001_7_1,4,<code mixing><missing aux>,तीन बजने मे तेईस मिनट बाकी हैं ए एम रेडियो और डिजिटल सेटेलाईट चेनल आठ सौ उनहत्तर पर ये बी बी सी एशियन नेटवर्क है चार बजे की खबरों के बाद ड्राईव समीना अली खान के साथ याद रहे ड्राईव मे छः से ले के आठ बजे तक ईद स्पेशल प्रोग्राम नवीद अखतर के साथ पैश करेंगी समीना अली खान ।                ,तीन बजने मे तेईस मिनट बाकी हैं ए एम रेडियो और डिजिटल सेटेलाईट चेनल आठ सौ उनहत्तर पर ये बी बी सी एशियन नेटवर्क है चार बजे की खबरों के बाद ड्राईव समीना अली खान के साथ याद रहे ड्राईव मे छः से ले के आठ बजे तक ईद स्पेशल प्रोग्राम नवीद अखतर के साथ पैश करेंगी समीना अली खान ।                
HF001_7_2,4,<missing aux>,और आठ से दस हिन्दी उर्दु प्रोग्राम संजय शर्मा पैश करेंगे और दस से बारह बजे तक आदिल रे के साथ ।                                                       ,और आठ से दस हिन्दी उर्दु प्रोग्राम संजय शर्मा पैश करेंगे और दस से बारह बजे तक आदिल रे के साथ ।                                                       
HF001_7_3,4,<reduplication>,द्विया जी आपने एक्सब्रीक से याद फरमाया है याद आवरी के लिए बहुत बहुत शुक्रिया वुलवाहेम्टन से रफीक साहब आप ने ईद की मुबारक बाद तमाम सुनने वालो को दी हैं ।                                             ,द्विया जी आपने एक्सब्रीक से याद फरमाया है याद आवरी के लिए बहुत बहुत शुक्रिया वुलवाहेम्टन से रफीक साहब आप ने ईद की मुबारक बाद तमाम सुनने वालो को दी हैं ।                                             
HF001_7_4,4,<reduplication><<missing aux>,सतवंत बहन जी और आनंद वीर जी आप ने वुलवाहेम्टन से याद फरमाया है तमाम सुनने वालो को ईद मुबारक कहा है अगला नगमा आप के नाम करते है और बक्शो बहन जी आपने याद फरमाया बहुत बहुत ईद की मुबारक बाद दे रही है और ये नग़मा आप सब के नाम ।                        ,सतवंत बहन जी और आनंद वीर जी आप ने वुलवाहेम्टन से याद फरमाया है तमाम सुनने वालो को ईद मुबारक कहा है अगला नगमा आप के नाम करते है और बक्शो बहन जी आपने याद फरमाया बहुत बहुत ईद की मुबारक बाद दे रही है और ये नग़मा आप सब के नाम ।                        
HF001_8_1,2,<wrong case><reduplication><code mixing>,लता मंगेशकर और मोहम्मद रफी को आवाज़े और फेक्स मेसेज कहते है बहुत बहुत शुक्रिया आप का टेक्स्ट मेसेज के लिए और बाबर भट्ट आप का फेक्स मेसेज है की बहुत बहुत शुक्रिया बाबर भट्ट आप का और सोन परी जी आप का फेक्स मेसेज मिला है ईद मुबारक हमे दे रही हैं ।                       ,लता मंगेशकर और मोहम्मद रफी को आवाज़े और फेक्स मेसेज कहते है बहुत बहुत शुक्रिया आप का टेक्स्ट मेसेज के लिए और बाबर भट्ट आप का फेक्स मेसेज है की बहुत बहुत शुक्रिया बाबर भट्ट आप का और सोन परी जी आप का फेक्स मेसेज मिला है ईद मुबारक हमे दे रही हैं ।                       
HF001_8_2,4,<reduplication><code mixing>,और कहती हैं बहुत बहुत शुक्रिया सोन परी जी आप के फेक्स मेसेज का और उम्मीद करती हुं की आप कि दीदी जिजु फरिदा बाय जी सुन रही होंगी ।                                               ,और कहती हैं बहुत बहुत शुक्रिया सोन परी जी आप के फेक्स मेसेज का और उम्मीद करती हुं की आप कि दीदी जिजु फरिदा बाय जी सुन रही होंगी ।                                               
HF001_8_3,4,,मोहम्मद आरिफ साहब स्मोहिल से आपने याद फरमाया हैं ईद मुबारक कह रहे हैं तमाम सुनने वालों को और इसी के साथ कामरान इकबाल सादिया आयुश और सारिश को जनाब दिल की गहराई से शुक्रिया अदा करते हैं और ये नग़मा आप सब के नाम ।                               ,मोहम्मद आरिफ साहब स्मोहिल से आपने याद फरमाया हैं ईद मुबारक कह रहे हैं तमाम सुनने वालों को और इसी के साथ कामरान इकबाल सादिया आयुश और सारिश को जनाब दिल की गहराई से शुक्रिया अदा करते हैं और ये नग़मा आप सब के नाम ।                               
HF001_8_4,3,<wrong pronunciation>,सोन परी जी थोड़ा सा इंतज़ार करें आप की और से नग़मा कुछ ही देर मे ।                                                            ,सोन परी जी थोड़ा सा इंतज़ार करें आप की ओर से नग़मा कुछ ही देर मे ।                                                            
HF001_9_1,4,<missing aux>,ये आवाज़ कुमार शानु की ।                                                                       ,ये आवाज़ कुमार शानु की ।                                                                       
HF001_9_2,3,<missing prononun>,तीन बजने मे तेराह मिनट बाकी है ईद मना रहे हैं दिल की गहराई से आप को ईद मुबारक कहते हैं ।                                                       ,तीन बजने मे तेराह मिनट बाकी है ईद मना रहे हैं दिल की गहराई से आप को ईद मुबारक कहते हैं ।                                                       
HF001_9_3,3,<wrong pronunciation>,आईये एक साथ मिलकर ईद मनाए और अगला नग़मा सोन परी जी आप की और से आपकी दीदी जीजु और फरिदा बाजी के नाम ।                                                    ,आईये एक साथ मिलकर ईद मनाए और अगला नग़मा सोन परी जी आप की ओर से आपकी दीदी जीजु और फरिदा बाजी के नाम ।                                                    
HF001_9_4,4,,वेलिनबरो से रेमश सुन्दरम् साहब आप ने याद फरमाया है तमामा सुनने वालो को ईद मुबारक कह रहे हैं ।                                                         ,वेलिनबरो से रेमश सुन्दरम् साहब आप ने याद फरमाया है तमाम सुनने वालो को ईद मुबारक कह रहे हैं ।                                                         
HF001_9_5,4,<reduplication>,जनाब बहुत बहुत शुक्रिया और लेस्टर से मिसेस लिटा आप ने याद फरमया है                                                               ,जनाब बहुत बहुत शुक्रिया और लेस्टर से मिसेस लिटा आप ने याद फरमया है                                                               
HF001_10_1,4,<reduplication>,बाबर साहब बरमिंघम से आप का नाम सुनने वालों को ईद मुबारक कह रहे हैं जनाब बहुत बहुत शुक्रिया और अली साहब बरमिंघम से आप ने याद फरमाया है तमाम सुनने वालों को ईद मुबारक कह रही हैं ।                                      ,बाबर साहब बरमिंघम से आप का नाम सुनने वालों को ईद मुबारक कह रहे हैं जनाब बहुत बहुत शुक्रिया और अली साहब बरमिंघम से आप ने याद फरमाया है तमाम सुनने वालों को ईद मुबारक कह रही हैं ।                                      
HF001_10_2,4,<missing aux>,रुही साहेबा ये आप के नाम ।                                                                      ,रुही साहेबा ये आप के नाम ।                                                                      
HF001_11_1,4,,लेस्टर से किशोर जैन जी आप ने याद फरमाया है तमाम सुनने वालों को आप ईद मुबारक कह रहे हैं ।                                                        ,लेस्टर से किशोर जैन जी आप ने याद फरमाया है तमाम सुनने वालों को आप ईद मुबारक कह रहे हैं ।                                                        
HF001_12_1,1,<abrupt ending>,तीन बजे हम चलते हैं खबरों की ओर मेरी आप की मुलाकात खबरों के उस पार नम्बर नही                                                           ,तीन बजे हम चलते हैं खबरों की ओर मेरी आप की मुलाकात खबरों के उस पार नम्बर नही                                                           
HF001_13_1,3,<code switching><code mixing>,प्रोग्राम के दुसरे और आखिरी दौर मे एक बार फिर आप का दिलो जान के साथ स्वागत खुशामदीद तिज्जी आयनो ।                                                        ,प्रोग्राम के दुसरे और आखिरी दौर मे एक बार फिर आप का दिलो जान के साथ स्वागत खुशामदीद तिज्जी आयनो ।                                                        
HF001_13_2,4,<code mixing>,तीन बजकर चार मिनट हुए हैं ए एम रेडियो और डिजिटल सेटेलाईट चेनल नम्बर आठ सौ उनहत्तर पर ये बी बी सी एशियन नेटवर्क हैं ।                                                   ,तीन बजकर चार मिनट हुए हैं ए एम रेडियो और डिजिटल सेटेलाईट चेनल नम्बर आठ सौ उनहत्तर पर ये बी बी सी एशियन नेटवर्क हैं ।                                                   
HF001_13_3,4,<missing aux><code mixing>,पूरे चार बजे तक नविंदर जीत भौगल चार बजे की खबरों के बाद ड्राईव समीना अली खान के साथ नम्बर है फेक्स मेसेजेस के लिए लेस्टर से मधु जी आप तमाम सुनने वालो को ईद मुबारक कह रही है और स्कोट लैंड से शहिद जी आप ने अपने तमाम दोस्तो को और रिश्तेदारों को याद किया है और ईद मुबारक कहते हैं ।              ,पूरे चार बजे तक नविंदर जीत भौगल चार बजे की खबरों के बाद ड्राईव समीना अली खान के साथ नम्बर है फेक्स मेसेजेस के लिए लेस्टर से मधु जी आप तमाम सुनने वालो को ईद मुबारक कह रही है और स्कोट लैंड से शहिद जी आप ने अपने तमाम दोस्तो को और रिश्तेदारों को याद किया है और ईद मुबारक कहते हैं ।              
HF001_13_4,2,<wrong pronunciation>,बरमिंघम मे बशीर मिर्ज़ा साहब आप की और से तमाम सुनने वालों ईद मुबारक और सतनाम जी बरमिंघम मे आप ने याद फरमाया हैं ।                                                    ,बरमिंघम मे बशीर मिर्ज़ा साहब आप की ओर से तमाम सुनने वालों ईद मुबारक और सतनाम जी बरमिंघम मे आप ने याद फरमाया हैं ।                                                    
HF001_13_5,4,,ईद मुबारक कह रहे हैं लेस्टर से अशोक पटेल साहब आप ने तमाम सुन ने वालों को ईद मुबारक कहा हैं ।                                                       ,ईद मुबारक कह रहे हैं लेस्टर से अशोक पटेल साहब आप ने तमाम सुन ने वालों को ईद मुबारक कहा हैं ।                                                       
HF001_13_6,4,<reduplication>,स्कनथोप निर्मल जी आप ने याद फरमाया ज़फर इकबाल साहब आप व्होलसोल से और रमेश भाई नोटिंघम से आप तमाम सुनने वालों को ईद की बहुत बहुत मुबारक बाद दे रहे हैं और फेक्स मेसेज नवीद जी आप की और से आया हैं जनाब पहली बात तो हम किसी से कभी खफा नही होते आप से माज़ेरत चाहतीं हुं के आप का नग़मा मेरे पास नही इसलिए बजा ना भाई उम्मीद करती हुं की अगला नग़मा आप,स्कनथोप निर्मल जी आप ने याद फरमाया ज़फर इकबाल साहब आप व्होलसोल से और रमेश भाई नोटिंघम से आप तमाम सुनने वालों को ईद की बहुत बहुत मुबारक बाद दे रहे हैं और फेक्स मेसेज नवीद जी आप की  ओर  से आया हैं जनाब पहली बात तो हम किसी से कभी खफा नही होते आप से माज़ेरत चाहतीं हुं के आप का नग़मा मेरे पास नही इसलिए बजा ना भाई उम्मीद करती हुं की अगला नग़मा आप
HF001_14_1,4,,कुर्बान भाई और खतीजा बहन कपासी डेडली से आप ने याद फरमाया हैं ।                                                               ,कुर्बान भाई और खतीजा बहन कपासी डेडली से आप ने याद फरमाया हैं ।                                                               
HF001_14_2,1,<reduplication><<missing aux><abrupt ending>,ईद की मुबारक बाद दे रहे है तमाम सुनने वालों को सुनिता जी आप को याद आई हमारी हमने सौचा दो हफ्तों से आप भूल गई हमे अकेला छोड़ दिया तमाम सुनने वालो को ईद मुबारक कह रही है आप और बिरजु साहब आप ने याद फरमाया है ईद कि मुबारक दे रहे हैं बाकी का क्या हुआ पंडित कौशिक जी पिटरब्रा से आप ने याद फरमाया है ईद की मुबारक बाद के साथ जनाब बहुत बहुत,ईद की मुबारक बाद दे रहे है तमाम सुनने वालों को सुनिता जी आप को याद आई हमारी हमने सौचा दो हफ्तों से आप भूल गई हमे अकेला छोड़ दिया तमाम सुनने वालो को ईद मुबारक कह रही है आप और बिरजु साहब आप ने याद फरमाया है ईद कि मुबारक दे रहे हैं बाकी का क्या हुआ पंडित कौशिक जी पिटरब्रा से आप ने याद फरमाया है ईद की मुबारक बाद के साथ जनाब बहुत बहुत
HF001_15_1,4,<missing aux>,सुखवींदर की आवाज़ ।                                                                         ,सुखवींदर की आवाज़ ।                                                                         
HF001_15_2,4,,और ये फेक्स मेसेज एड्बास्टन से आन्नद साहब आप ने भेजा हैं कहते हैं जनाब दिल की गहराई से शुक्रिया अदा करती हुं ।                                                     ,और ये फेक्स मेसेज एड्बास्टन से आन्नद साहब आप ने भेजा हैं कहते हैं जनाब दिल की गहराई से शुक्रिया अदा करती हुं ।                                                     
HF001_15_3,4,<code mixing>,जिस नग़मे की आप ने फरमाईश की है माज़ेरत चाहतीं हुं इस वक्त वो मेरे पास नही हैं ।                                                          ,जिस नग़मे की आप ने फरमाईश की है माज़ेरत चाहतीं हुं इस वक्त वो मेरे पास नही हैं ।                                                          
HF001_16_1,4,<code mixing>,तीन बजकर तेईस मिनट गुरमीत सिंह मथारु साहब आप ने याद फरमाया है तमाम सुनने वालों को ईद मुबारक कह रहे हैं ।                                                      ,तीन बजकर तेईस मिनट गुरमीत सिंह मथारु साहब आप ने याद फरमाया है तमाम सुनने वालों को ईद मुबारक कह रहे हैं ।                                                      
HF001_17_1,3,<code mixng><missing aux>,कुछ ही देर मे बी बी सी एशियन नेटवर्क की खबरें मेरा आप का साथ पूरे चार बजे तक चार बजे की खबरों के बाद ड्राईव समीना अली खान के साथ और याद रहे के छः से ले कर आठ बजे तक आज ईद स्पेशलआठ से दस हिन्दी उर्दु प्रोग्राम संजय शर्मा के साथ ।                      ,कुछ ही देर मे बी बी सी एशियन नेटवर्क की खबरें मेरा आप का साथ पूरे चार बजे तक चार बजे की खबरों के बाद ड्राईव समीना अली खान के साथ और याद रहे के छः से ले कर आठ बजे तक आज ईद स्पेशलआठ से दस हिन्दी उर्दु प्रोग्राम संजय शर्मा के साथ ।                      
HF001_17_2,3,<fragment><code mixnig>,और आठ से लेकर दस बजे तक प्रोग्राम आदिल रे पैश करेंगे ।                                                                ,और आठ से लेकर दस बजे तक प्रोग्राम आदिल रे पैश करेंगे ।                                                                
HF001_17_3,4,<code mixing>,दोपहर के ठीक साढ़े तीन बजे बी बी सी एशियन नेटवर्क से खबरें आयशा एहमद की ज़बानी ।                                                           ,दोपहर के ठीक साढ़े तीन बजे बी बी सी एशियन नेटवर्क से खबरें आयशा एहमद की ज़बानी ।                                                           
HF002_18_1,4,,आज बरतानिया के मुल्क भर मे मुसलमानों का त्योहार ईद उल फितर मनाया जा रहा है ।                                                            ,आज बरतानिया के मुल्क भर मे मुसलमानों का त्योहार ईद उल फितर मनाया जा रहा है ।                                                            
HF002_18_2,2,<missing verb>,बंग्लादेश मे एक हादसे के नतीजे मे सौलह लोग गए हैं ।                                                                 ,बंग्लादेश मे एक हादसे के नतीजे मे सौलह लोग मारे गए हैं ।                                                               
HF002_18_3,4,<code mixing>,नेपाल मे तीन पुलिस मैन मारे गए हैं ।                                                                    ,नेपाल मे तीन पुलिस मैन मारे गए हैं ।                                                                    
HF002_18_4,4,,अब आप खबरें तफसील के साथ सुनिये ।                                                                     ,अब आप खबरें तफसील के साथ सुनिये ।                                                                     
HF002_18_5,3,<reduplication><code mixing>,बंग्लादेश मे पुलिस का कहना है के जमाला पुर की डिस्ट्रिक मे एक लौरी के हादसे मे कम से कम सौलह लोग मारे गए हैं बताया जाता है के यह हादसा उस वक्त पैश आया जब ईद की छुट्टी से एक रात पहले हज़ारो लोग केपीटल धाका से अपने अपने गाँव जाने के लिए सफर की तैयारी कर रहे थे ।                ,बंग्लादेश मे पुलिस का कहना है के जमाला पुर की डिस्ट्रिक मे एक लौरी के हादसे मे कम से कम सौलह लोग मारे गए हैं बताया जाता है के यह हादसा उस वक्त पैश आया जब ईद की छुट्टी से एक रात पहले हज़ारो लोग केपीटल धाका से अपने अपने गाँव जाने के लिए सफर की तैयारी कर रहे थे ।                
HF002_18_6,2,<wrong verb>,पुलिस अफसरों ने बताया के उस लौरी मे सतरा लोग सवार थे हादसे के बाद ज़िन्दा बचने वाले अकेले आदमी की हालत भी खतरनाक बताई जाती है और कहा जाता है के वो मकामी हस्पताल मे ज़ेरे ईलाज हैं ।                                     ,पुलिस अफसरों ने बताया के उस लौरी मे सतरा लोग सवार थे हादसे के बाद ज़िन्दा बचने वाले अकेले आदमी की हालत भी खतरनाक बताई जाती है और कहा जाता है के वो मकामी हस्पताल मे ज़ेरे ईलाज हैं ।                                     
HF002_18_7,4,<missing aux>,अफ्गानिस्तान मे पुलिस फोर्स को ईद उल फितर की तकरीबार के मौके पर चौकस कर दिया गया है उन्हे खतरा है के तालिबान की बकिया रिजीम ईद के मौके पर फसादात करने की कोशिश करेंगे ।                                         ,अफ्गानिस्तान मे पुलिस फोर्स को ईद उल फितर की तकरीबार के मौके पर चौकस कर दिया गया है उन्हे खतरा है के तालिबान की बकिया रिजीम ईद के मौके पर फसादात करने की कोशिश करेंगे ।                                         
HF002_18_8,2,<missing aux><wrong plural>,अफ्गानिस्तान के इंटिरियर मिनिस्टर ने बताया के काबुल की एक नुमाया मस्जिद से गोला बारुद का सामान बरामत किया गया जहां एक हज़ार से ज़्यादा लोग ईद की नमाज़ पड़ने के लिए इक्ठ्ठे हुए थे ।                                         ,अफ्गानिस्तान के इंटिरियर मिनिस्टर ने बताया के काबुल की एक नुमाया मस्जिद से गोला बारुद का सामान बरामत किया गया जहां एक हज़ार से ज़्यादा लोग ईद की नमाज़ पड़ने के लिए इक्ठ्ठे हुए थे ।                                         
HF002_18_9,4,<code mixing>,काबुल की सिक्युरिटी की चीफ ने बताया के हिफाज़त के लिए गश्त करने वाली पुलिस की तादाद पाँच गुना तक बड़ा दी गई है ।                                                    ,काबुल की सिक्युरिटी की चीफ ने बताया के हिफाज़त के लिए गश्त करने वाली पुलिस की तादाद पाँच गुना तक बड़ा दी गई है ।                                                    
HF002_18_10,4,<code mixing>,प्रसीडेंट सद्दाम हुसैन का कहना है कि युनाईटेड नेशन के हत्यारों के इंस्पेकशन्स से उन्हे अमेरिका के उस इलज़ाम को ग़लत साबित करने का मौका मिल गया है जिसमे वो कहते थे के बगदाद बड़े पैमाने पर तबाही मचाने वाले हथियार बना रहा हैं ।                                ,प्रसीडेंट सद्दाम हुसैन का कहना है कि युनाईटेड नेशन के हत्यारों के इंस्पेकशन्स से उन्हे अमेरिका के उस इलज़ाम को ग़लत साबित करने का मौका मिल गया है जिसमे वो कहते थे के बगदाद बड़े पैमाने पर तबाही मचाने वाले हथियार बना रहा हैं ।                                
HF002_18_11,4,<code mixing>,पिछले हफ्ते शुरु होने वाले इस इंसपेक्शन के बारे मे पहली मरतबा बाते करते हुए उन्होने कहा के सिर्फ इस लिए के ईराक के लोगो को नुकसान ना पहुँचे वो इस इंसपेकशन के लिए राज़ी हो गए थे ।                                      ,पिछले हफ्ते शुरु होने वाले इस इंसपेक्शन के बारे मे पहली मरतबा बाते करते हुए उन्होने कहा के सिर्फ इस लिए के ईराक के लोगो को नुकसान ना पहुँचे वो इस इंसपेकशन के लिए राज़ी हो गए थे ।                                      
HF002_18_12,4,<code mixing>,याद रहे के युनाईटेड नेशन ने ईराक को इत्वार तक का वक्त दिया है के वो अपने न्युक्लीयर बायलोजीकल और केमिकल हत्थयारों के प्रोग्राम दिखा दे उनका कहना है के ईराक के लिए ज़रुरी है के वो सच्चाई बता दे वरना उन के खिलाफ फौजी कार्यवाही की जाए गी ।                           ,याद रहे के युनाईटेड नेशन ने ईराक को इत्वार तक का वक्त दिया है के वो अपने न्युक्लीयर बायलोजीकल और केमिकल हत्थयारों के प्रोग्राम दिखा दे उनका कहना है के ईराक के लिए ज़रुरी है के वो सच्चाई बता दे वरना उन के खिलाफ फौजी कार्यवाही की जाए गी ।                           
HF002_18_13,4,<code mixing>,बुश की इंतज़ामिया के एक नुमाया अफसर ने युनाईटेड स्टेट्स पर तनकीद कि हैं वो मुसलिम मुमालिक मे डेमोक्रेसी कायम करने के लिए कुछ नही कर रहे हैं ।                                                ,बुश की इंतज़ामिया के एक नुमाया अफसर ने युनाईटेड स्टेट्स पर तनकीद कि हैं वो मुसलिम मुमालिक मे डेमोक्रेसी कायम करने के लिए कुछ नही कर रहे हैं ।                                                
HF002_18_14,4,<code mixing>,मिस्टर हास जिन्हे यु एस की फाॅरेन पोलिसी टीम का एहम मेम्बर समझा जाता है उनका कहना है के वाशिंगटन मुसलमान मुमालिक को तहाफ्फुज़ देने से हमेशा बचता रहा हैं लेकिन उन्होने कहा के अब युनाईटेड स्टेट्स मुसलिम दुनिया मे डिमोक्रेसी के कयाम के लिए ज़्यादा कोशिशें करेगा ।                            ,मिस्टर हास जिन्हे यु एस की फाॅरेन पोलिसी टीम का एहम मेम्बर समझा जाता है उनका कहना है के वाशिंगटन मुसलमान मुमालिक को तहाफ्फुज़ देने से हमेशा बचता रहा हैं लेकिन उन्होने कहा के अब युनाईटेड स्टेट्स मुसलिम दुनिया मे डिमोक्रेसी के कयाम के लिए ज़्यादा कोशिशें करेगा ।                            
HF002_18_15,4,<code mixing><wrong spelling>,नेपाल के माउस बागि़यों की पुलिस स्टेशन्स और दुसरे सरकारी निशानों पर हमला करने के नतीजे मे कम से कम तीन पुलिस मैन मारे गए है ये हमले सात सलों से जारी लड़ाई को खत्म करने के सिलसिले मे की जाने वाले बात चीत के एक विधिन पूरा होने से पहले कर दिये गए है अहलकारों का तास्सुर इस बारे मे परेशान गुन था ।            ,नेपाल के माउस बागि़यों की पुलिस स्टेशन्स और दुसरे सरकारी निशानों पर हमला करने के नतीजे मे कम से कम तीन पुलिस मैन मारे गए है ये हमले सात सलों से जारी लड़ाई को खत्म करने के सिलसिले मे की जाने वाले बात चीत के एक विधिन पूरा होने से पहले कर दिये गए है अहलकारों का तास्सुर इस बारे मे परेशान गुन था ।            
HF002_18_16,4,<code mixing>,और उन्होने कहा के वो बागियों की स्टेट मेन्ट के बारे मे फिक्र कर रहे हैं नामा निगारों ने बताया के हमेशा अमन की बातचीत के बात खून बहा हुआ हैं जिसमे दोनो पार्टियां एक दुसरे को लड़ाई शुरु करने का इल्ज़ाम देती रही हैं ।                               ,और उन्होने कहा के वो बागियों की स्टेट मेन्ट के बारे मे फिक्र कर रहे हैं नामा निगारों ने बताया के हमेशा अमन की बातचीत के बात खून बहा हुआ हैं जिसमे दोनो पार्टियां एक दुसरे को लड़ाई शुरु करने का इल्ज़ाम देती रही हैं ।                               
HF002_18_17,4,<wrong symbol>,पाकिस्तान के शहर कराची मे पुलिस का कहना है के मेसदोनिया के आॅनरी काॅनसिल के दफ्तर मे एक बाॅम्ब के धमाके मे तीन लोग मारे गए है पुलिस ने बताया के ये लाशें मलबे तले डबी हुई थी और मरने वाले सभी पाकिस्तानी थे और हो सकता है के उन्हे धमाके से पहले बांध कर मार भी दिया गया हो ।                ,पाकिस्तान के शहर कराची मे पुलिस का कहना है के मेसदोनिया के आॅनरी काॅनसिल के दफ्तर मे एक बाॅम्ब के धमाके मे तीन लोग मारे गए है पुलिस ने बताया के ये लाशें मलबे तले डबी हुई थी और मरने वाले सभी पाकिस्तानी थे और हो सकता है के उन्हे धमाके से पहले बांध कर मार भी दिया गया हो ।                
